ID,Date,Description,Amount
1,01-01-2025,Transaction 1,100
2,02-01-2025,Transaction 2,100
3,03-01-2025,Transaction 3,-100
4,04-01-2025,Transaction 4,100
5,05-01-2025,Transaction 5,-100
6,06-01-2025,Transaction 6,100
7,07-01-2025,Transaction 7,100
8,08-01-2025,Transaction 8,-100
9,09-01-2025,Transaction 9,100
10,10-01-2025,Transaction 10,-100
11,11-01-2025,Transaction 11,100
12,12-01-2025,Transaction 12,100
13,13-01-2025,Transaction 13,-100
14,14-01-2025,Transaction 14,100
15,15-01-2025,Transaction 15,100
16,16-01-2025,Transaction 16,100
17,17-01-2025,Transaction 17,-100
18,18-01-2025,Transaction 18,100
19,19-01-2025,Transaction 19,100
20,20-01-2025,Transaction 20,100
21,21-01-2025,Transaction 21,100
22,22-01-2025,Transaction 22,100
23,23-01-2025,Transaction 23,100
24,24-01-2025,Transaction 24,-100
25,25-01-2025,Transaction 25,100
26,26-01-2025,Transaction 26,-100
27,27-01-2025,Transaction 27,100